{
  "type": "minecraft:entity",
  "pools": [
    {
      "bonus_rolls": 0,
      "conditions": [
        {
          "condition": "minecraft:any_of",
          "terms": [
            {
              "condition": "minecraft:killed_by_player"
            },
            {
              "condition": "minecraft:damage_source_properties",
              "predicate": {
                "tags": [
                  {
                    "id": "tcc:frostbloom_freeze",
                    "expected": true
                  }
                ]
              }
            }
          ]
        }
      ],
      "entries": [
        {
          "type": "minecraft:item",
          "functions": [
            {
              "add": false,
              "count": {
                "type": "minecraft:uniform",
                "max": 1,
                "min": 0
              },
              "function": "minecraft:set_count"
            },
            {
              "count": {
                "type": "minecraft:uniform",
                "max": 1,
                "min": 0
              },
              "enchantment": "minecraft:looting",
              "function": "minecraft:enchanted_count_increase"
            }
          ],
          "name": "minecraft:blaze_rod"
        }
      ],
      "rolls": 1
    }
  ],
  "random_sequence": "minecraft:entities/blaze",
  "__smithed__": {
    "rules": [
      {
        "type": "merge",
        "target": "pools[0].conditions",
        "source": {
          "type": "reference",
          "path": "pools[0].conditions"
        }
      }
    ]
  }
}