{
  "type": "minecraft:entity",
  "pools": [
    {
      "bonus_rolls": 0.0,
      "entries": [
        {
          "type": "minecraft:item",
          "functions": [
            {
              "add": false,
              "count": {
                "type": "minecraft:uniform",
                "max": 2.0,
                "min": 0.0
              },
              "function": "minecraft:set_count"
            },
            {
              "count": {
                "type": "minecraft:uniform",
                "max": 1.0,
                "min": 0.0
              },
              "enchantment": "minecraft:looting",
              "function": "minecraft:enchanted_count_increase"
            },
            {
              "add": true,
              "count": 2,
              "function": "minecraft:set_count",
              "conditions": [
                {
                  "condition": "minecraft:reference",
                  "name": "tcc:entity_properties/slots/armor.head/witch_hat_attacker"
                }
              ]
            }
          ],
          "name": "minecraft:gunpowder"
        }
      ],
      "rolls": 1.0
    },
    {
      "rolls": 1,
      "entries": [
        {
          "type": "minecraft:tag",
          "name": "minecraft:creeper_drop_music_discs",
          "expand": true
        }
      ],
      "conditions": [
        {
          "condition": "minecraft:entity_properties",
          "entity": "attacker",
          "predicate": {
            "type": "#minecraft:skeletons"
          }
        }
      ]
    },
    {
      "rolls": 1,
      "entries": [
        {
          "type": "minecraft:item",
          "name": "minecraft:music_disc_pigstep"
        }
      ],
      "conditions": [
        {
          "condition": "minecraft:entity_properties",
          "entity": "attacker",
          "predicate": {
            "type": "minecraft:piglin"
          }
        }
      ]
    },
    {
      "rolls": 1,
      "entries": [
        {
          "type": "minecraft:item",
          "name": "minecraft:disc_fragment_5"
        }
      ],
      "conditions": [
        {
          "condition": "minecraft:entity_properties",
          "entity": "attacker",
          "predicate": {
            "type": "minecraft:warden"
          }
        },
        {
          "condition": "minecraft:damage_source_properties",
          "predicate": {
            "tags": [
              {
                "id": "tcc:sonic_boom",
                "expected": true
              }
            ]
          }
        }
      ]
    },
    {
      "rolls": 1,
      "entries": [
        {
          "type": "minecraft:item",
          "name": "minecraft:egg",
          "functions": [
            {
              "function": "minecraft:set_lore",
              "lore": [
                {
                  "translate": "item.tcc.easter_egg.lore"
                }
              ],
              "mode": "replace_all"
            }
          ]
        }
      ],
      "conditions": [
        {
          "condition": "minecraft:entity_properties",
          "entity": "this",
          "predicate": {
            "nbt": "{CustomName:\"CreeperMagnet_\"}"
          }
        }
      ]
    },
    {
      "rolls": 1,
      "entries": [
        {
          "type": "minecraft:item",
          "name": "minecraft:music_disc_creator"
        },
        {
          "type": "minecraft:item",
          "name": "minecraft:music_disc_creator_music_box"
        },
        {
          "type": "minecraft:item",
          "name": "minecraft:music_disc_precipice"
        }
      ],
      "conditions": [
        {
          "condition": "minecraft:entity_properties",
          "entity": "attacker",
          "predicate": {
            "type": "minecraft:breeze"
          }
        }
      ]
    }
  ],
  "random_sequence": "minecraft:entities/creeper",
  "__smithed__": {
    "rules": [
      {
        "type": "append",
        "target": "pools[0].entries[0].functions",
        "source": {
          "type": "reference",
          "path": "pools[0].entries[0].functions[2]"
        }
      },
      {
        "type": "append",
        "target": "pools",
        "source": {
          "type": "reference",
          "path": "pools[2]"
        }
      },
      {
        "type": "append",
        "target": "pools",
        "source": {
          "type": "reference",
          "path": "pools[3]"
        }
      },
      {
        "type": "append",
        "target": "pools",
        "source": {
          "type": "reference",
          "path": "pools[4]"
        }
      }
    ]
  }
}