{
  "type": "minecraft:entity",
  "pools": [
    {
      "bonus_rolls": 0.0,
      "entries": [
        {
          "type": "minecraft:item",
          "functions": [
            {
              "add": false,
              "count": {
                "type": "minecraft:uniform",
                "max": 2.0,
                "min": 0.0
              },
              "function": "minecraft:set_count"
            },
            {
              "count": {
                "type": "minecraft:uniform",
                "max": 1.0,
                "min": 0.0
              },
              "enchantment": "minecraft:looting",
              "function": "minecraft:enchanted_count_increase"
            },
            {
              "add": true,
              "count": 2,
              "function": "minecraft:set_count",
              "conditions": [
                {
                  "condition": "minecraft:reference",
                  "name": "tcc:entity_properties/slots/armor.head/witch_hat_attacker"
                }
              ]
            }
          ],
          "name": "minecraft:glowstone_dust"
        },
        {
          "type": "minecraft:item",
          "functions": [
            {
              "add": false,
              "count": {
                "type": "minecraft:uniform",
                "max": 2.0,
                "min": 0.0
              },
              "function": "minecraft:set_count"
            },
            {
              "count": {
                "type": "minecraft:uniform",
                "max": 1.0,
                "min": 0.0
              },
              "enchantment": "minecraft:looting",
              "function": "minecraft:enchanted_count_increase"
            },
            {
              "add": true,
              "count": 2,
              "function": "minecraft:set_count",
              "conditions": [
                {
                  "condition": "minecraft:reference",
                  "name": "tcc:entity_properties/slots/armor.head/witch_hat_attacker"
                }
              ]
            }
          ],
          "name": "minecraft:sugar"
        },
        {
          "type": "minecraft:item",
          "functions": [
            {
              "add": false,
              "count": {
                "type": "minecraft:uniform",
                "max": 2.0,
                "min": 0.0
              },
              "function": "minecraft:set_count"
            },
            {
              "count": {
                "type": "minecraft:uniform",
                "max": 1.0,
                "min": 0.0
              },
              "enchantment": "minecraft:looting",
              "function": "minecraft:enchanted_count_increase"
            },
            {
              "add": true,
              "count": 2,
              "function": "minecraft:set_count",
              "conditions": [
                {
                  "condition": "minecraft:reference",
                  "name": "tcc:entity_properties/slots/armor.head/witch_hat_attacker"
                }
              ]
            }
          ],
          "name": "minecraft:spider_eye"
        },
        {
          "type": "minecraft:item",
          "functions": [
            {
              "add": false,
              "count": {
                "type": "minecraft:uniform",
                "max": 2.0,
                "min": 0.0
              },
              "function": "minecraft:set_count"
            },
            {
              "count": {
                "type": "minecraft:uniform",
                "max": 1.0,
                "min": 0.0
              },
              "enchantment": "minecraft:looting",
              "function": "minecraft:enchanted_count_increase"
            }
          ],
          "name": "minecraft:glass_bottle"
        },
        {
          "type": "minecraft:item",
          "functions": [
            {
              "add": false,
              "count": {
                "type": "minecraft:uniform",
                "max": 2.0,
                "min": 0.0
              },
              "function": "minecraft:set_count"
            },
            {
              "count": {
                "type": "minecraft:uniform",
                "max": 1.0,
                "min": 0.0
              },
              "enchantment": "minecraft:looting",
              "function": "minecraft:enchanted_count_increase"
            },
            {
              "add": true,
              "count": 2,
              "function": "minecraft:set_count",
              "conditions": [
                {
                  "condition": "minecraft:reference",
                  "name": "tcc:entity_properties/slots/armor.head/witch_hat_attacker"
                }
              ]
            }
          ],
          "name": "minecraft:gunpowder"
        },
        {
          "type": "minecraft:item",
          "functions": [
            {
              "add": false,
              "count": {
                "type": "minecraft:uniform",
                "max": 2.0,
                "min": 0.0
              },
              "function": "minecraft:set_count"
            },
            {
              "count": {
                "type": "minecraft:uniform",
                "max": 1.0,
                "min": 0.0
              },
              "enchantment": "minecraft:looting",
              "function": "minecraft:enchanted_count_increase"
            }
          ],
          "name": "minecraft:stick",
          "weight": 2
        }
      ],
      "rolls": {
        "type": "minecraft:uniform",
        "max": 3.0,
        "min": 1.0
      }
    },
    {
      "bonus_rolls": 0.0,
      "entries": [
        {
          "type": "minecraft:item",
          "functions": [
            {
              "add": false,
              "count": {
                "type": "minecraft:uniform",
                "max": 8.0,
                "min": 4.0
              },
              "function": "minecraft:set_count"
            },
            {
              "count": {
                "type": "minecraft:uniform",
                "max": 1.0,
                "min": 0.0
              },
              "enchantment": "minecraft:looting",
              "function": "minecraft:enchanted_count_increase"
            },
            {
              "add": true,
              "count": 2,
              "function": "minecraft:set_count",
              "conditions": [
                {
                  "condition": "minecraft:reference",
                  "name": "tcc:entity_properties/slots/armor.head/witch_hat_attacker"
                }
              ]
            }
          ],
          "name": "minecraft:redstone"
        }
      ],
      "rolls": 1.0
    },
    {
      "rolls": 1,
      "conditions": [
        {
          "condition": "minecraft:any_of",
          "terms": [
            {
              "condition": "minecraft:all_of",
              "terms": [
                {
                  "condition": "minecraft:killed_by_player"
                },
                {
                  "condition": "minecraft:random_chance_with_enchanted_bonus",
                  "enchanted_chance": {
                    "type": "minecraft:linear",
                    "base": 0.02,
                    "per_level_above_first": 0.01
                  },
                  "enchantment": "minecraft:looting",
                  "unenchanted_chance": 0.01
                }
              ]
            }
          ]
        }
      ],
      "entries": [
        {
          "type": "loot_table",
          "value": "tcc:items/witch_hat"
        }
      ]
    }
  ],
  "random_sequence": "minecraft:entities/witch",
  "__smithed__": {
    "rules": [
      {
        "type": "append",
        "target": "pools",
        "source": {
          "type": "reference",
          "path": "pools[2]"
        }
      },
      {
        "type": "append",
        "target": "pools[0].entries[0].functions",
        "source": {
          "type": "reference",
          "path": "pools[0].entries[0].functions[2]"
        }
      },
      {
        "type": "append",
        "target": "pools[0].entries[1].functions",
        "source": {
          "type": "reference",
          "path": "pools[0].entries[1].functions[2]"
        }
      },
      {
        "type": "append",
        "target": "pools[0].entries[2].functions",
        "source": {
          "type": "reference",
          "path": "pools[0].entries[2].functions[2]"
        }
      },
      {
        "type": "append",
        "target": "pools[0].entries[4].functions",
        "source": {
          "type": "reference",
          "path": "pools[0].entries[4].functions[2]"
        }
      },
      {
        "type": "append",
        "target": "pools[1].entries[0].functions",
        "source": {
          "type": "reference",
          "path": "pools[1].entries[0].functions[2]"
        }
      }
    ]
  }
}