{
  "type": "minecraft:entity",
  "pools": [
    {
      "rolls": 1,
      "entries": [
        {
          "type": "loot_table",
          "weight": 1,
          "functions": [
            {
              "function": "set_count",
              "count": {
                "min": -2,
                "max": 1
              }
            }
          ],
          "value": "tcc:items/rotten_porkchop"
        }
      ]
    },
    {
      "bonus_rolls": 0.0,
      "entries": [
        {
          "type": "minecraft:item",
          "functions": [
            {
              "add": false,
              "count": {
                "type": "minecraft:uniform",
                "max": 1.0,
                "min": 0.0
              },
              "function": "minecraft:set_count"
            },
            {
              "count": {
                "type": "minecraft:uniform",
                "max": 1.0,
                "min": 0.0
              },
              "enchantment": "minecraft:looting",
              "function": "minecraft:enchanted_count_increase"
            }
          ],
          "name": "minecraft:gold_nugget"
        }
      ],
      "rolls": 1.0
    },
    {
      "bonus_rolls": 0.0,
      "conditions": [
        {
          "condition": "minecraft:killed_by_player"
        },
        {
          "condition": "minecraft:random_chance_with_enchanted_bonus",
          "enchanted_chance": {
            "type": "minecraft:linear",
            "base": 0.035,
            "per_level_above_first": 0.01
          },
          "enchantment": "minecraft:looting",
          "unenchanted_chance": 0.025
        }
      ],
      "entries": [
        {
          "type": "minecraft:item",
          "name": "minecraft:gold_ingot"
        }
      ],
      "rolls": 1.0
    }
  ],
  "random_sequence": "minecraft:entities/zombified_piglin",
  "__smithed__": {
    "rules": [
      {
        "type": "merge",
        "target": "pools[0].entries[0]",
        "source": {
          "type": "reference",
          "path": "pools[0].entries[0]"
        }
      }
    ]
  }
}
