{
  "parent": "tcc:minecraft/nether/smoldering_seeker",
  "display": {
    "icon": {
      "id": "minecraft:nether_bricks"
    },
    "title": {
      "translate": "advancements.nether.find_fortress.title"
    },
    "description": {
      "translate": "advancements.nether.find_fortress.description"
    },
    "frame": "task",
    "show_toast": true,
    "announce_to_chat": true,
    "hidden": false
  },
  "criteria": {
    "fortress": {
      "trigger": "minecraft:location",
      "conditions": {
        "player": [
          {
            "condition": "minecraft:entity_properties",
            "predicate": {
              "location": {
                "structures": "minecraft:fortress"
              }
            },
            "entity": "this"
          }
        ]
      }
    }
  },
  "requirements": [
    [
      "fortress"
    ]
  ]
}
