{
  "type": "minecraft:smelting",
  "category": "misc",
  "cookingtime": 200,
  "experience": 0.1,
  "ingredient": [
    "minecraft:copper_pickaxe",
    "minecraft:copper_shovel",
    "minecraft:copper_axe",
    "minecraft:copper_hoe",
    "minecraft:copper_sword",
    "minecraft:copper_helmet",
    "minecraft:copper_chestplate",
    "minecraft:copper_leggings",
    "minecraft:copper_boots",
    "minecraft:copper_horse_armor",
    "minecraft:trial_key",
    "minecraft:ominous_trial_key",
    "minecraft:spyglass",
    "minecraft:brush"
  ],
  "result": {
    "id": "minecraft:copper_nugget"
  }
}