{"type":"lavaflow:nether","generator":{"biome_source":{"biomes":[{"parameters":{"weirdness":[-1,1],"continentalness":[-1.2,-0.23500000000000001],"erosion":[-1,1],"temperature":[-1,1],"humidity":[-1,-0.24],"depth":[-0.75,0.6],"offset":0},"biome":"lavaflow:nether_wastes_layer"},{"parameters":{"weirdness":[-1,1],"continentalness":[-1.2,1],"erosion":[-1,1],"temperature":[-1,1],"humidity":[-0.24,0.3],"depth":[-0.75,0.32],"offset":0},"biome":"lavaflow:nether_wastes_layer"},{"parameters":{"weirdness":[-1,1],"continentalness":[-1.2,-0.23500000000000001],"erosion":[-1,1],"temperature":[-1,-0.27],"humidity":[0.3,1],"depth":[-0.75,0.6],"offset":0},"biome":"lavaflow:crimson_forest_layer"},{"parameters":{"weirdness":[-1,-0.06],"continentalness":[-1.2,-0.185],"erosion":[-1,1],"temperature":[-0.27,0.27],"humidity":[0.3,1],"depth":[-0.75,0.6],"offset":0},"biome":"lavaflow:crimson_forest_layer"},{"parameters":{"weirdness":[-1,1],"continentalness":[-1.2,-0.23500000000000001],"erosion":[-1,1],"temperature":[0.27,1],"humidity":[0.3,1],"depth":[-0.75,0.6],"offset":0},"biome":"lavaflow:warped_forest_layer"},{"parameters":{"weirdness":[-1,1],"continentalness":[-0.23500000000000001,1],"erosion":[-1,1],"temperature":[-1,1],"humidity":[-1,0.3],"depth":[-0.75,0.32],"offset":0},"biome":"lavaflow:nether_wastes_layer"},{"parameters":{"weirdness":[-1,1],"continentalness":[-0.23500000000000001,1],"erosion":[-1,1],"temperature":[-1,-0.27],"humidity":[0.3,1],"depth":[-0.75,0.32],"offset":0},"biome":"lavaflow:crimson_forest_layer"},{"parameters":{"weirdness":[-1,1],"continentalness":[-0.23500000000000001,1],"erosion":[-1,1],"temperature":[0.27,1],"humidity":[0.3,1],"depth":[-0.75,0.32],"offset":0},"biome":"lavaflow:warped_forest_layer"},{"parameters":{"weirdness":[-1,-0.06],"continentalness":[-0.185,1],"erosion":[-1,1],"temperature":[-0.27,0.27],"humidity":[0.3,1],"depth":[-0.75,0.32],"offset":0},"biome":"lavaflow:crimson_forest_layer"},{"parameters":{"weirdness":[-0.06,1],"continentalness":[-1.2,-0.23500000000000001],"erosion":[-1,1],"temperature":[-0.27,1],"humidity":[0.3,1],"depth":[-0.75,0.6],"offset":0},"biome":"lavaflow:warped_forest_layer"},{"parameters":{"weirdness":[-0.06,1],"continentalness":[-0.23500000000000001,1],"erosion":[-1,1],"temperature":[-0.27,1],"humidity":[0.3,1],"depth":[-0.75,0.32],"offset":0},"biome":"lavaflow:warped_forest_layer"},{"parameters":{"weirdness":[-1,1],"continentalness":[-1.2,-0.23500000000000001],"erosion":[-1,1],"temperature":[-1,-0.27],"humidity":[-0.24,1],"depth":[0.32,0.6],"offset":0},"biome":"lavaflow:crimson_forest_layer"},{"parameters":{"weirdness":[-1,-0.06],"continentalness":[-1.2,-0.185],"erosion":[-1,1],"temperature":[-0.27,0.27],"humidity":[-0.24,1],"depth":[0.32,0.6],"offset":0},"biome":"lavaflow:crimson_forest_layer"},{"parameters":{"weirdness":[-1,1],"continentalness":[-1.2,-0.23500000000000001],"erosion":[-1,1],"temperature":[0.27,1],"humidity":[-0.24,1],"depth":[0.32,0.6],"offset":0},"biome":"lavaflow:warped_forest_layer"},{"parameters":{"weirdness":[-1,-0.06],"continentalness":[-0.23500000000000001,-0.185],"erosion":[-1,1],"temperature":[-1,1],"humidity":[-1,-0.24],"depth":[0.32,0.6],"offset":0},"biome":"lavaflow:nether_wastes_layer"},{"parameters":{"weirdness":[-1,-0.06],"continentalness":[-0.23500000000000001,-0.185],"erosion":[-1,1],"temperature":[-1,0.27],"humidity":[-0.24,1],"depth":[0.32,0.6],"offset":0},"biome":"lavaflow:crimson_forest_layer"},{"parameters":{"weirdness":[-1,-0.06],"continentalness":[-0.23500000000000001,-0.185],"erosion":[-1,1],"temperature":[0.27,1],"humidity":[-0.24,1],"depth":[0.32,0.6],"offset":0},"biome":"lavaflow:warped_forest_layer"},{"parameters":{"weirdness":[-1,-0.5],"continentalness":[-0.185,-0.15],"erosion":[-1,1],"temperature":[-1,1],"humidity":[-1,-0.24],"depth":[0.32,1.1300000000000001],"offset":0},"biome":"minecraft:nether_wastes"},{"parameters":{"weirdness":[-1,-0.5],"continentalness":[-0.185,-0.15],"erosion":[-1,1],"temperature":[-1,0.27],"humidity":[-0.24,0.3],"depth":[0.32,1.1300000000000001],"offset":0},"biome":"minecraft:crimson_forest"},{"parameters":{"weirdness":[-1,-0.5],"continentalness":[-0.185,-0.15],"erosion":[-1,1],"temperature":[-1,-0.27],"humidity":[0.3,1],"depth":[0.32,1.1300000000000001],"offset":0},"biome":"lavaflow:old_growth_crimson_forest"},{"parameters":{"weirdness":[-1,-0.5],"continentalness":[-0.185,-0.15],"erosion":[-1,1],"temperature":[-0.27,0.27],"humidity":[0.3,1],"depth":[0.32,1.1300000000000001],"offset":0},"biome":"minecraft:crimson_forest"},{"parameters":{"weirdness":[-1,-0.5],"continentalness":[-0.185,-0.15],"erosion":[-1,1],"temperature":[0.27,1],"humidity":[-0.24,1],"depth":[0.32,1.1300000000000001],"offset":0},"biome":"minecraft:warped_forest"},{"parameters":{"weirdness":[-1,-0.5],"continentalness":[-0.15,1],"erosion":[-1,1],"temperature":[-1,1],"humidity":[-1,-0.24],"depth":[0.32,0.6],"offset":0},"biome":"minecraft:nether_wastes"},{"parameters":{"weirdness":[-1,-0.5],"continentalness":[-0.15,1],"erosion":[-1,1],"temperature":[-1,0.27],"humidity":[-0.24,0.3],"depth":[0.32,0.6],"offset":0},"biome":"minecraft:crimson_forest"},{"parameters":{"weirdness":[-1,-0.5],"continentalness":[-0.15,1],"erosion":[-1,1],"temperature":[-1,-0.27],"humidity":[0.3,1],"depth":[0.32,0.6],"offset":0},"biome":"lavaflow:old_growth_crimson_forest"},{"parameters":{"weirdness":[-1,-0.5],"continentalness":[-0.15,1],"erosion":[-1,1],"temperature":[-0.27,0.27],"humidity":[0.3,1],"depth":[0.32,0.6],"offset":0},"biome":"minecraft:crimson_forest"},{"parameters":{"weirdness":[-1,-0.5],"continentalness":[-0.15,1],"erosion":[-1,1],"temperature":[0.27,1],"humidity":[-0.24,1],"depth":[0.32,0.6],"offset":0},"biome":"minecraft:warped_forest"},{"parameters":{"weirdness":[-0.5,0.5],"continentalness":[-0.185,1],"erosion":[-1,-0.28],"temperature":[-1,1],"humidity":[-1,-0.24],"depth":[0.32,0.6],"offset":0},"biome":"lavaflow:nether_wastes_layer"},{"parameters":{"weirdness":[-0.5,0.5],"continentalness":[-0.185,1],"erosion":[-1,-0.28],"temperature":[-1,-0.27],"humidity":[-0.24,1],"depth":[0.32,0.6],"offset":0},"biome":"lavaflow:crimson_forest_layer"},{"parameters":{"weirdness":[-0.5,-0.06],"continentalness":[-0.185,1],"erosion":[-1,-0.28],"temperature":[-0.27,0.27],"humidity":[-0.24,1],"depth":[0.32,0.6],"offset":0},"biome":"lavaflow:crimson_forest_layer"},{"parameters":{"weirdness":[-0.5,0.5],"continentalness":[-0.185,1],"erosion":[-1,-0.28],"temperature":[0.27,1],"humidity":[-0.24,1],"depth":[0.32,0.6],"offset":0},"biome":"lavaflow:warped_forest_layer"},{"parameters":{"weirdness":[-0.5,-0.17500000000000002],"continentalness":[-0.185,-0.15],"erosion":[-0.28,1],"temperature":[-1,1],"humidity":[-1,-0.24],"depth":[0.32,1.1300000000000001],"offset":0},"biome":"minecraft:nether_wastes"},{"parameters":{"weirdness":[-0.5,-0.17500000000000002],"continentalness":[-0.185,-0.15],"erosion":[-0.28,1],"temperature":[-1,0.27],"humidity":[-0.24,0.3],"depth":[0.32,1.1300000000000001],"offset":0},"biome":"minecraft:crimson_forest"},{"parameters":{"weirdness":[-0.5,-0.17500000000000002],"continentalness":[-0.185,-0.15],"erosion":[-0.28,1],"temperature":[-1,-0.27],"humidity":[0.3,1],"depth":[0.32,1.1300000000000001],"offset":0},"biome":"lavaflow:old_growth_crimson_forest"},{"parameters":{"weirdness":[-0.5,-0.17500000000000002],"continentalness":[-0.185,-0.15],"erosion":[-0.28,1],"temperature":[-0.27,0.27],"humidity":[0.3,1],"depth":[0.32,1.1300000000000001],"offset":0},"biome":"minecraft:crimson_forest"},{"parameters":{"weirdness":[-0.5,-0.17500000000000002],"continentalness":[-0.185,-0.15],"erosion":[-0.28,1],"temperature":[0.27,1],"humidity":[-0.24,1],"depth":[0.32,1.1300000000000001],"offset":0},"biome":"minecraft:warped_forest"},{"parameters":{"weirdness":[-0.5,-0.17500000000000002],"continentalness":[-0.15,1],"erosion":[-0.28,1],"temperature":[-1,1],"humidity":[-1,-0.24],"depth":[0.32,0.6],"offset":0},"biome":"minecraft:nether_wastes"},{"parameters":{"weirdness":[-0.5,-0.17500000000000002],"continentalness":[-0.15,1],"erosion":[-0.28,1],"temperature":[-1,0.27],"humidity":[-0.24,0.3],"depth":[0.32,0.6],"offset":0},"biome":"minecraft:crimson_forest"},{"parameters":{"weirdness":[-0.5,-0.17500000000000002],"continentalness":[-0.15,1],"erosion":[-0.28,1],"temperature":[-1,-0.27],"humidity":[0.3,1],"depth":[0.32,0.6],"offset":0},"biome":"lavaflow:old_growth_crimson_forest"},{"parameters":{"weirdness":[-0.5,-0.17500000000000002],"continentalness":[-0.15,1],"erosion":[-0.28,1],"temperature":[-0.27,0.27],"humidity":[0.3,1],"depth":[0.32,0.6],"offset":0},"biome":"minecraft:crimson_forest"},{"parameters":{"weirdness":[-0.5,-0.17500000000000002],"continentalness":[-0.15,1],"erosion":[-0.28,1],"temperature":[0.27,1],"humidity":[-0.24,1],"depth":[0.32,0.6],"offset":0},"biome":"minecraft:warped_forest"},{"parameters":{"weirdness":[-0.17500000000000002,-0.06],"continentalness":[-0.185,1],"erosion":[-0.28,0.23],"temperature":[-1,1],"humidity":[-1,-0.24],"depth":[0.32,0.6],"offset":0},"biome":"lavaflow:nether_wastes_layer"},{"parameters":{"weirdness":[-0.17500000000000002,-0.06],"continentalness":[-0.185,1],"erosion":[-0.28,0.23],"temperature":[-1,0.27],"humidity":[-0.24,1],"depth":[0.32,0.6],"offset":0},"biome":"lavaflow:crimson_forest_layer"},{"parameters":{"weirdness":[-0.17500000000000002,-0.06],"continentalness":[-0.185,1],"erosion":[-0.28,0.23],"temperature":[0.27,1],"humidity":[-0.24,1],"depth":[0.32,0.6],"offset":0},"biome":"lavaflow:warped_forest_layer"},{"parameters":{"weirdness":[-0.17500000000000002,-0.06],"continentalness":[-0.185,-0.15],"erosion":[0.23,1],"temperature":[-1,1],"humidity":[-1,-0.24],"depth":[0.32,1.1300000000000001],"offset":0},"biome":"minecraft:nether_wastes"},{"parameters":{"weirdness":[-0.17500000000000002,-0.06],"continentalness":[-0.185,-0.15],"erosion":[0.23,1],"temperature":[-1,0.27],"humidity":[-0.24,0.3],"depth":[0.32,1.1300000000000001],"offset":0},"biome":"minecraft:crimson_forest"},{"parameters":{"weirdness":[-0.17500000000000002,-0.06],"continentalness":[-0.185,-0.15],"erosion":[0.23,1],"temperature":[-1,-0.27],"humidity":[0.3,1],"depth":[0.32,1.1300000000000001],"offset":0},"biome":"lavaflow:old_growth_crimson_forest"},{"parameters":{"weirdness":[-0.17500000000000002,-0.06],"continentalness":[-0.185,-0.15],"erosion":[0.23,1],"temperature":[-0.27,0.27],"humidity":[0.3,1],"depth":[0.32,1.1300000000000001],"offset":0},"biome":"minecraft:crimson_forest"},{"parameters":{"weirdness":[-0.17500000000000002,-0.06],"continentalness":[-0.185,-0.15],"erosion":[0.23,1],"temperature":[0.27,1],"humidity":[-0.24,1],"depth":[0.32,1.1300000000000001],"offset":0},"biome":"minecraft:warped_forest"},{"parameters":{"weirdness":[-0.17500000000000002,-0.06],"continentalness":[-0.15,1],"erosion":[0.23,1],"temperature":[-1,1],"humidity":[-1,-0.24],"depth":[0.32,0.66],"offset":0},"biome":"minecraft:nether_wastes"},{"parameters":{"weirdness":[-0.17500000000000002,-0.06],"continentalness":[-0.15,1],"erosion":[0.23,1],"temperature":[-1,0.27],"humidity":[-0.24,0.3],"depth":[0.32,0.66],"offset":0},"biome":"minecraft:crimson_forest"},{"parameters":{"weirdness":[-0.17500000000000002,-0.06],"continentalness":[-0.15,1],"erosion":[0.23,1],"temperature":[-1,-0.27],"humidity":[0.3,1],"depth":[0.32,0.66],"offset":0},"biome":"lavaflow:old_growth_crimson_forest"},{"parameters":{"weirdness":[-0.17500000000000002,-0.06],"continentalness":[-0.15,1],"erosion":[0.23,1],"temperature":[-0.27,0.27],"humidity":[0.3,1],"depth":[0.32,0.66],"offset":0},"biome":"minecraft:crimson_forest"},{"parameters":{"weirdness":[-0.17500000000000002,-0.06],"continentalness":[-0.15,1],"erosion":[0.23,1],"temperature":[0.27,1],"humidity":[-0.24,1],"depth":[0.32,0.66],"offset":0},"biome":"minecraft:warped_forest"},{"parameters":{"weirdness":[-0.06,1],"continentalness":[-1.2,-0.23500000000000001],"erosion":[-1,1],"temperature":[-0.27,1],"humidity":[-0.24,1],"depth":[0.32,0.6],"offset":0},"biome":"lavaflow:warped_forest_layer"},{"parameters":{"weirdness":[-0.06,1],"continentalness":[-0.23500000000000001,-0.185],"erosion":[-1,0.18],"temperature":[-1,1],"humidity":[-1,-0.24],"depth":[0.32,0.6],"offset":0},"biome":"lavaflow:nether_wastes_layer"},{"parameters":{"weirdness":[-0.06,1],"continentalness":[-0.23500000000000001,-0.185],"erosion":[-1,0.18],"temperature":[-1,-0.27],"humidity":[-0.24,1],"depth":[0.32,0.6],"offset":0},"biome":"lavaflow:crimson_forest_layer"},{"parameters":{"weirdness":[-0.06,1],"continentalness":[-0.23500000000000001,-0.185],"erosion":[-1,0.18],"temperature":[-0.27,1],"humidity":[-0.24,1],"depth":[0.32,0.6],"offset":0},"biome":"lavaflow:warped_forest_layer"},{"parameters":{"weirdness":[-0.06,0.06],"continentalness":[-0.23500000000000001,-0.15],"erosion":[0.18,1],"temperature":[-1,1],"humidity":[-1,1],"depth":[0.32,1.1300000000000001],"offset":0},"biome":"lavaflow:river"},{"parameters":{"weirdness":[-0.06,0.17],"continentalness":[-0.185,1],"erosion":[-1,0.18],"temperature":[-0.27,1],"humidity":[-0.24,1],"depth":[0.32,0.6],"offset":0},"biome":"lavaflow:warped_forest_layer"},{"parameters":{"weirdness":[-0.06,0.17],"continentalness":[-0.185,1],"erosion":[-0.28,0.18],"temperature":[-1,1],"humidity":[-1,-0.24],"depth":[0.32,0.6],"offset":0},"biome":"lavaflow:nether_wastes_layer"},{"parameters":{"weirdness":[-0.06,0.17],"continentalness":[-0.185,1],"erosion":[-0.28,0.18],"temperature":[-1,-0.27],"humidity":[-0.24,1],"depth":[0.32,0.6],"offset":0},"biome":"lavaflow:crimson_forest_layer"},{"parameters":{"weirdness":[-0.06,0.06],"continentalness":[-0.15,1],"erosion":[0.18,1],"temperature":[-1,1],"humidity":[-1,1],"depth":[0.32,0.66],"offset":0},"biome":"lavaflow:river"},{"parameters":{"weirdness":[0.06,1],"continentalness":[-0.23500000000000001,-0.185],"erosion":[0.18,1],"temperature":[-1,1],"humidity":[-1,-0.24],"depth":[0.32,0.6],"offset":0},"biome":"lavaflow:nether_wastes_layer"},{"parameters":{"weirdness":[0.06,1],"continentalness":[-0.23500000000000001,-0.185],"erosion":[0.18,1],"temperature":[-1,-0.27],"humidity":[-0.24,1],"depth":[0.32,0.6],"offset":0},"biome":"lavaflow:crimson_forest_layer"},{"parameters":{"weirdness":[0.06,1],"continentalness":[-0.23500000000000001,-0.185],"erosion":[0.18,1],"temperature":[-0.27,1],"humidity":[-0.24,1],"depth":[0.32,0.6],"offset":0},"biome":"lavaflow:warped_forest_layer"},{"parameters":{"weirdness":[0.06,0.17],"continentalness":[-0.185,1],"erosion":[0.18,0.23],"temperature":[-1,1],"humidity":[-1,-0.24],"depth":[0.32,0.6],"offset":0},"biome":"lavaflow:nether_wastes_layer"},{"parameters":{"weirdness":[0.06,0.17],"continentalness":[-0.185,1],"erosion":[0.18,0.23],"temperature":[-1,-0.27],"humidity":[-0.24,1],"depth":[0.32,0.6],"offset":0},"biome":"lavaflow:crimson_forest_layer"},{"parameters":{"weirdness":[0.06,0.17],"continentalness":[-0.185,1],"erosion":[0.18,0.23],"temperature":[-0.27,1],"humidity":[-0.24,1],"depth":[0.32,0.6],"offset":0},"biome":"lavaflow:warped_forest_layer"},{"parameters":{"weirdness":[0.06,1],"continentalness":[-0.185,-0.15],"erosion":[0.23,1],"temperature":[-1,1],"humidity":[-1,-0.24],"depth":[0.32,1.1300000000000001],"offset":0},"biome":"minecraft:nether_wastes"},{"parameters":{"weirdness":[0.06,1],"continentalness":[-0.185,-0.15],"erosion":[0.23,1],"temperature":[-1,-0.27],"humidity":[-0.24,1],"depth":[0.32,1.1300000000000001],"offset":0},"biome":"minecraft:crimson_forest"},{"parameters":{"weirdness":[0.06,1],"continentalness":[-0.185,-0.15],"erosion":[0.23,1],"temperature":[-0.27,0.27],"humidity":[-0.24,1],"depth":[0.32,1.1300000000000001],"offset":0},"biome":"minecraft:warped_forest"},{"parameters":{"weirdness":[0.06,1],"continentalness":[-0.185,-0.15],"erosion":[0.23,1],"temperature":[0.27,1],"humidity":[-0.24,0.3],"depth":[0.32,1.1300000000000001],"offset":0},"biome":"minecraft:warped_forest"},{"parameters":{"weirdness":[0.06,1],"continentalness":[-0.185,-0.15],"erosion":[0.23,1],"temperature":[0.27,1],"humidity":[0.3,1],"depth":[0.32,1.1300000000000001],"offset":0},"biome":"lavaflow:old_growth_warped_forest"},{"parameters":{"weirdness":[0.06,1],"continentalness":[-0.15,1],"erosion":[0.23,1],"temperature":[-1,1],"humidity":[-1,-0.24],"depth":[0.32,0.6],"offset":0},"biome":"minecraft:nether_wastes"},{"parameters":{"weirdness":[0.06,1],"continentalness":[-0.15,1],"erosion":[0.23,1],"temperature":[-1,-0.27],"humidity":[-0.24,1],"depth":[0.32,0.6],"offset":0},"biome":"minecraft:crimson_forest"},{"parameters":{"weirdness":[0.06,1],"continentalness":[-0.15,1],"erosion":[0.23,1],"temperature":[-0.27,0.27],"humidity":[-0.24,1],"depth":[0.32,0.6],"offset":0},"biome":"minecraft:warped_forest"},{"parameters":{"weirdness":[0.06,1],"continentalness":[-0.15,1],"erosion":[0.23,1],"temperature":[0.27,1],"humidity":[-0.24,0.3],"depth":[0.32,0.6],"offset":0},"biome":"minecraft:warped_forest"},{"parameters":{"weirdness":[0.06,1],"continentalness":[-0.15,1],"erosion":[0.23,1],"temperature":[0.27,1],"humidity":[0.3,1],"depth":[0.32,0.6],"offset":0},"biome":"lavaflow:old_growth_warped_forest"},{"parameters":{"weirdness":[0.17,0.5],"continentalness":[-0.185,1],"erosion":[-1,-0.28],"temperature":[-0.27,1],"humidity":[-0.24,1],"depth":[0.32,0.6],"offset":0},"biome":"lavaflow:warped_forest_layer"},{"parameters":{"weirdness":[0.17,1],"continentalness":[-0.185,-0.15],"erosion":[-0.28,1],"temperature":[-1,1],"humidity":[-1,-0.24],"depth":[0.32,1.1300000000000001],"offset":0},"biome":"minecraft:nether_wastes"},{"parameters":{"weirdness":[0.17,1],"continentalness":[-0.185,-0.15],"erosion":[-0.28,1],"temperature":[-1,-0.27],"humidity":[-0.24,1],"depth":[0.32,1.1300000000000001],"offset":0},"biome":"minecraft:crimson_forest"},{"parameters":{"weirdness":[0.17,1],"continentalness":[-0.185,-0.15],"erosion":[-0.28,1],"temperature":[-0.27,0.27],"humidity":[-0.24,1],"depth":[0.32,1.1300000000000001],"offset":0},"biome":"minecraft:warped_forest"},{"parameters":{"weirdness":[0.17,1],"continentalness":[-0.185,-0.15],"erosion":[-0.28,1],"temperature":[0.27,1],"humidity":[-0.24,0.3],"depth":[0.32,1.1300000000000001],"offset":0},"biome":"minecraft:warped_forest"},{"parameters":{"weirdness":[0.17,1],"continentalness":[-0.185,-0.15],"erosion":[-0.28,1],"temperature":[0.27,1],"humidity":[0.3,1],"depth":[0.32,1.1300000000000001],"offset":0},"biome":"lavaflow:old_growth_warped_forest"},{"parameters":{"weirdness":[0.17,1],"continentalness":[-0.15,1],"erosion":[-0.28,1],"temperature":[-1,1],"humidity":[-1,-0.24],"depth":[0.32,0.6],"offset":0},"biome":"minecraft:nether_wastes"},{"parameters":{"weirdness":[0.17,1],"continentalness":[-0.15,1],"erosion":[-0.28,1],"temperature":[-1,-0.27],"humidity":[-0.24,1],"depth":[0.32,0.6],"offset":0},"biome":"minecraft:crimson_forest"},{"parameters":{"weirdness":[0.17,1],"continentalness":[-0.15,1],"erosion":[-0.28,1],"temperature":[-0.27,0.27],"humidity":[-0.24,1],"depth":[0.32,0.6],"offset":0},"biome":"minecraft:warped_forest"},{"parameters":{"weirdness":[0.17,1],"continentalness":[-0.15,1],"erosion":[-0.28,1],"temperature":[0.27,1],"humidity":[-0.24,0.3],"depth":[0.32,0.6],"offset":0},"biome":"minecraft:warped_forest"},{"parameters":{"weirdness":[0.17,1],"continentalness":[-0.15,1],"erosion":[-0.28,1],"temperature":[0.27,1],"humidity":[0.3,1],"depth":[0.32,0.6],"offset":0},"biome":"lavaflow:old_growth_warped_forest"},{"parameters":{"weirdness":[0.5,1],"continentalness":[-0.185,-0.15],"erosion":[-1,1],"temperature":[-1,1],"humidity":[-1,-0.24],"depth":[0.32,1.1300000000000001],"offset":0},"biome":"minecraft:nether_wastes"},{"parameters":{"weirdness":[0.5,1],"continentalness":[-0.185,-0.15],"erosion":[-1,1],"temperature":[-1,-0.27],"humidity":[-0.24,1],"depth":[0.32,1.1300000000000001],"offset":0},"biome":"minecraft:crimson_forest"},{"parameters":{"weirdness":[0.5,1],"continentalness":[-0.185,-0.15],"erosion":[-1,1],"temperature":[-0.27,0.27],"humidity":[-0.24,1],"depth":[0.32,1.1300000000000001],"offset":0},"biome":"minecraft:warped_forest"},{"parameters":{"weirdness":[0.5,1],"continentalness":[-0.185,-0.15],"erosion":[-1,1],"temperature":[0.27,1],"humidity":[-0.24,0.3],"depth":[0.32,1.1300000000000001],"offset":0},"biome":"minecraft:warped_forest"},{"parameters":{"weirdness":[0.5,1],"continentalness":[-0.185,-0.15],"erosion":[-1,1],"temperature":[0.27,1],"humidity":[0.3,1],"depth":[0.32,1.1300000000000001],"offset":0},"biome":"lavaflow:old_growth_warped_forest"},{"parameters":{"weirdness":[0.5,1],"continentalness":[-0.15,1],"erosion":[-1,1],"temperature":[-1,1],"humidity":[-1,-0.24],"depth":[0.32,0.6],"offset":0},"biome":"minecraft:nether_wastes"},{"parameters":{"weirdness":[0.5,1],"continentalness":[-0.15,1],"erosion":[-1,1],"temperature":[-1,-0.27],"humidity":[-0.24,1],"depth":[0.32,0.6],"offset":0},"biome":"minecraft:crimson_forest"},{"parameters":{"weirdness":[0.5,1],"continentalness":[-0.15,1],"erosion":[-1,1],"temperature":[-0.27,0.27],"humidity":[-0.24,1],"depth":[0.32,0.6],"offset":0},"biome":"minecraft:warped_forest"},{"parameters":{"weirdness":[0.5,1],"continentalness":[-0.15,1],"erosion":[-1,1],"temperature":[0.27,1],"humidity":[-0.24,0.3],"depth":[0.32,0.6],"offset":0},"biome":"minecraft:warped_forest"},{"parameters":{"weirdness":[0.5,1],"continentalness":[-0.15,1],"erosion":[-1,1],"temperature":[0.27,1],"humidity":[0.3,1],"depth":[0.32,0.6],"offset":0},"biome":"lavaflow:old_growth_warped_forest"},{"parameters":{"weirdness":[-1,-0.06],"continentalness":[-1.2,-0.23500000000000001],"erosion":[-1,1],"temperature":[-1,1],"humidity":[-1,1],"depth":[0.6,1.1300000000000001],"offset":0},"biome":"lavaflow:ocean"},{"parameters":{"weirdness":[-1,-0.5],"continentalness":[-0.23500000000000001,-0.185],"erosion":[-1,1],"temperature":[-1,1],"humidity":[-1,1],"depth":[0.6,1.1300000000000001],"offset":0},"biome":"lavaflow:gravel_beach"},{"parameters":{"weirdness":[-1,-0.5],"continentalness":[-0.15,1],"erosion":[-1,1],"temperature":[-1,1],"humidity":[-1,1],"depth":[0.6,1.1300000000000001],"offset":0},"biome":"lavaflow:caves"},{"parameters":{"weirdness":[-0.5,-0.06],"continentalness":[-0.23500000000000001,1],"erosion":[-1,-0.28],"temperature":[-1,1],"humidity":[-1,-0.24],"depth":[0.6,1.1300000000000001],"offset":0},"biome":"lavaflow:ghost_forest"},{"parameters":{"weirdness":[-0.5,-0.06],"continentalness":[-0.23500000000000001,1],"erosion":[-1,-0.28],"temperature":[-1,1],"humidity":[-0.24,0.3],"depth":[0.6,1.1300000000000001],"offset":0},"biome":"minecraft:soul_sand_valley"},{"parameters":{"weirdness":[-0.5,-0.06],"continentalness":[-0.23500000000000001,1],"erosion":[-1,-0.28],"temperature":[-1,1],"humidity":[0.3,1],"depth":[0.6,1.1300000000000001],"offset":0},"biome":"minecraft:basalt_deltas"},{"parameters":{"weirdness":[-0.5,-0.06],"continentalness":[-0.23500000000000001,-0.185],"erosion":[-0.28,1],"temperature":[-1,1],"humidity":[-1,1],"depth":[0.6,1.1300000000000001],"offset":0},"biome":"lavaflow:gravel_beach"},{"parameters":{"weirdness":[-0.5,-0.17500000000000002],"continentalness":[-0.15,1],"erosion":[-0.28,1],"temperature":[-1,1],"humidity":[-1,1],"depth":[0.6,1.1300000000000001],"offset":0},"biome":"lavaflow:caves"},{"parameters":{"weirdness":[-0.17500000000000002,-0.06],"continentalness":[-0.185,-0.15],"erosion":[-0.28,1],"temperature":[-1,1],"humidity":[-1,-0.24],"depth":[0.6,1.1300000000000001],"offset":0},"biome":"minecraft:nether_wastes"},{"parameters":{"weirdness":[-0.17500000000000002,-0.06],"continentalness":[-0.185,-0.15],"erosion":[-0.28,1],"temperature":[-1,0.27],"humidity":[-0.24,0.3],"depth":[0.6,1.1300000000000001],"offset":0},"biome":"minecraft:crimson_forest"},{"parameters":{"weirdness":[-0.17500000000000002,-0.06],"continentalness":[-0.185,-0.15],"erosion":[-0.28,1],"temperature":[-1,-0.27],"humidity":[0.3,1],"depth":[0.6,1.1300000000000001],"offset":0},"biome":"lavaflow:old_growth_crimson_forest"},{"parameters":{"weirdness":[-0.17500000000000002,-0.06],"continentalness":[-0.185,-0.15],"erosion":[-0.28,1],"temperature":[-0.27,0.27],"humidity":[0.3,1],"depth":[0.6,1.1300000000000001],"offset":0},"biome":"minecraft:crimson_forest"},{"parameters":{"weirdness":[-0.17500000000000002,-0.06],"continentalness":[-0.185,-0.15],"erosion":[-0.28,1],"temperature":[0.27,1],"humidity":[-0.24,1],"depth":[0.6,1.1300000000000001],"offset":0},"biome":"minecraft:warped_forest"},{"parameters":{"weirdness":[-0.17500000000000002,-0.06],"continentalness":[-0.15,1],"erosion":[-0.28,1],"temperature":[-1,1],"humidity":[-1,-0.24],"depth":[0.6,0.66],"offset":0},"biome":"minecraft:nether_wastes"},{"parameters":{"weirdness":[-0.17500000000000002,-0.06],"continentalness":[-0.15,1],"erosion":[-0.28,1],"temperature":[-1,0.27],"humidity":[-0.24,0.3],"depth":[0.6,0.66],"offset":0},"biome":"minecraft:crimson_forest"},{"parameters":{"weirdness":[-0.17500000000000002,-0.06],"continentalness":[-0.15,1],"erosion":[-0.28,1],"temperature":[-1,-0.27],"humidity":[0.3,1],"depth":[0.6,0.66],"offset":0},"biome":"lavaflow:old_growth_crimson_forest"},{"parameters":{"weirdness":[-0.17500000000000002,-0.06],"continentalness":[-0.15,1],"erosion":[-0.28,1],"temperature":[-0.27,0.27],"humidity":[0.3,1],"depth":[0.6,0.66],"offset":0},"biome":"minecraft:crimson_forest"},{"parameters":{"weirdness":[-0.17500000000000002,-0.06],"continentalness":[-0.15,1],"erosion":[-0.28,1],"temperature":[0.27,1],"humidity":[-0.24,1],"depth":[0.6,0.66],"offset":0},"biome":"minecraft:warped_forest"},{"parameters":{"weirdness":[-0.06,0.06],"continentalness":[-1.2,-0.23500000000000001],"erosion":[-1,1],"temperature":[-1,1],"humidity":[-1,-0.24],"depth":[0.6,0.66],"offset":0},"biome":"lavaflow:nether_wastes_layer"},{"parameters":{"weirdness":[-0.06,0.06],"continentalness":[-1.2,-0.23500000000000001],"erosion":[-1,1],"temperature":[-1,-0.27],"humidity":[-0.24,1],"depth":[0.6,0.66],"offset":0},"biome":"lavaflow:crimson_forest_layer"},{"parameters":{"weirdness":[-0.06,0.06],"continentalness":[-1.2,-0.23500000000000001],"erosion":[-1,1],"temperature":[-0.27,1],"humidity":[-0.24,1],"depth":[0.6,0.66],"offset":0},"biome":"lavaflow:warped_forest_layer"},{"parameters":{"weirdness":[-0.06,0.06],"continentalness":[-0.23500000000000001,1],"erosion":[-1,0.18],"temperature":[-1,1],"humidity":[-1,-0.24],"depth":[0.6,0.66],"offset":0},"biome":"lavaflow:nether_wastes_layer"},{"parameters":{"weirdness":[-0.06,0.06],"continentalness":[-0.23500000000000001,1],"erosion":[-1,0.18],"temperature":[-1,-0.27],"humidity":[-0.24,1],"depth":[0.6,0.66],"offset":0},"biome":"lavaflow:crimson_forest_layer"},{"parameters":{"weirdness":[-0.06,0.06],"continentalness":[-0.23500000000000001,1],"erosion":[-1,0.18],"temperature":[-0.27,1],"humidity":[-0.24,1],"depth":[0.6,0.66],"offset":0},"biome":"lavaflow:warped_forest_layer"},{"parameters":{"weirdness":[0.06,1],"continentalness":[-1.2,-0.23500000000000001],"erosion":[-1,1],"temperature":[-1,1],"humidity":[-1,1],"depth":[0.6,1.1300000000000001],"offset":0},"biome":"lavaflow:ocean"},{"parameters":{"weirdness":[0.06,0.5],"continentalness":[-0.23500000000000001,1],"erosion":[-1,-0.28],"temperature":[-1,0.27],"humidity":[-1,-0.24],"depth":[0.6,1.1300000000000001],"offset":0},"biome":"minecraft:soul_sand_valley"},{"parameters":{"weirdness":[0.06,0.5],"continentalness":[-0.23500000000000001,1],"erosion":[-1,-0.28],"temperature":[-1,-0.27],"humidity":[-0.24,1],"depth":[0.6,1.1300000000000001],"offset":0},"biome":"minecraft:basalt_deltas"},{"parameters":{"weirdness":[0.06,0.5],"continentalness":[-0.23500000000000001,1],"erosion":[-1,-0.28],"temperature":[-0.27,1],"humidity":[-0.24,0.3],"depth":[0.6,1.1300000000000001],"offset":0},"biome":"minecraft:soul_sand_valley"},{"parameters":{"weirdness":[0.06,0.5],"continentalness":[-0.23500000000000001,1],"erosion":[-1,-0.28],"temperature":[-0.27,1],"humidity":[0.3,1],"depth":[0.6,1.1300000000000001],"offset":0},"biome":"minecraft:basalt_deltas"},{"parameters":{"weirdness":[0.06,0.5],"continentalness":[-0.23500000000000001,1],"erosion":[-1,-0.28],"temperature":[0.27,1],"humidity":[-1,-0.24],"depth":[0.6,1.1300000000000001],"offset":0},"biome":"lavaflow:ghost_forest"},{"parameters":{"weirdness":[0.06,1],"continentalness":[-0.23500000000000001,-0.185],"erosion":[-0.28,1],"temperature":[-1,1],"humidity":[-1,1],"depth":[0.6,1.1300000000000001],"offset":0},"biome":"lavaflow:gravel_beach"},{"parameters":{"weirdness":[0.06,1],"continentalness":[-0.185,-0.15],"erosion":[-0.28,1],"temperature":[-1,1],"humidity":[-1,-0.24],"depth":[0.6,1.1300000000000001],"offset":0},"biome":"minecraft:nether_wastes"},{"parameters":{"weirdness":[0.06,1],"continentalness":[-0.185,-0.15],"erosion":[-0.28,1],"temperature":[-1,-0.27],"humidity":[-0.24,1],"depth":[0.6,1.1300000000000001],"offset":0},"biome":"minecraft:crimson_forest"},{"parameters":{"weirdness":[0.06,1],"continentalness":[-0.185,-0.15],"erosion":[-0.28,1],"temperature":[-0.27,0.27],"humidity":[-0.24,1],"depth":[0.6,1.1300000000000001],"offset":0},"biome":"minecraft:warped_forest"},{"parameters":{"weirdness":[0.06,1],"continentalness":[-0.185,-0.15],"erosion":[-0.28,1],"temperature":[0.27,1],"humidity":[-0.24,0.3],"depth":[0.6,1.1300000000000001],"offset":0},"biome":"minecraft:warped_forest"},{"parameters":{"weirdness":[0.06,1],"continentalness":[-0.185,-0.15],"erosion":[-0.28,1],"temperature":[0.27,1],"humidity":[0.3,1],"depth":[0.6,1.1300000000000001],"offset":0},"biome":"lavaflow:old_growth_warped_forest"},{"parameters":{"weirdness":[0.06,0.17],"continentalness":[-0.15,1],"erosion":[-0.28,1],"temperature":[-1,1],"humidity":[-1,-0.24],"depth":[0.6,0.66],"offset":0},"biome":"minecraft:nether_wastes"},{"parameters":{"weirdness":[0.06,0.17],"continentalness":[-0.15,1],"erosion":[-0.28,1],"temperature":[-1,-0.27],"humidity":[-0.24,1],"depth":[0.6,0.66],"offset":0},"biome":"minecraft:crimson_forest"},{"parameters":{"weirdness":[0.06,0.17],"continentalness":[-0.15,1],"erosion":[-0.28,1],"temperature":[-0.27,0.27],"humidity":[-0.24,1],"depth":[0.6,0.66],"offset":0},"biome":"minecraft:warped_forest"},{"parameters":{"weirdness":[0.06,0.17],"continentalness":[-0.15,1],"erosion":[-0.28,1],"temperature":[0.27,1],"humidity":[-0.24,0.3],"depth":[0.6,0.66],"offset":0},"biome":"minecraft:warped_forest"},{"parameters":{"weirdness":[0.06,0.17],"continentalness":[-0.15,1],"erosion":[-0.28,1],"temperature":[0.27,1],"humidity":[0.3,1],"depth":[0.6,0.66],"offset":0},"biome":"lavaflow:old_growth_warped_forest"},{"parameters":{"weirdness":[0.17,1],"continentalness":[-0.15,1],"erosion":[-0.28,1],"temperature":[-1,1],"humidity":[-1,1],"depth":[0.6,1.1300000000000001],"offset":0},"biome":"lavaflow:caves"},{"parameters":{"weirdness":[0.5,1],"continentalness":[-0.23500000000000001,-0.185],"erosion":[-1,1],"temperature":[-1,1],"humidity":[-1,1],"depth":[0.6,1.1300000000000001],"offset":0},"biome":"lavaflow:gravel_beach"},{"parameters":{"weirdness":[0.5,1],"continentalness":[-0.15,1],"erosion":[-1,1],"temperature":[-1,1],"humidity":[-1,1],"depth":[0.6,1.1300000000000001],"offset":0},"biome":"lavaflow:caves"},{"parameters":{"weirdness":[-0.17500000000000002,-0.06],"continentalness":[-0.15,1],"erosion":[-0.28,0.23],"temperature":[-1,1],"humidity":[-1,-0.24],"depth":[0.66,1.1300000000000001],"offset":0},"biome":"minecraft:nether_wastes"},{"parameters":{"weirdness":[-0.17500000000000002,-0.06],"continentalness":[-0.15,1],"erosion":[-0.28,0.23],"temperature":[-1,0.27],"humidity":[-0.24,0.3],"depth":[0.66,1.1300000000000001],"offset":0},"biome":"minecraft:crimson_forest"},{"parameters":{"weirdness":[-0.17500000000000002,-0.06],"continentalness":[-0.15,1],"erosion":[-0.28,0.23],"temperature":[-1,-0.27],"humidity":[0.3,1],"depth":[0.66,1.1300000000000001],"offset":0},"biome":"lavaflow:old_growth_crimson_forest"},{"parameters":{"weirdness":[-0.17500000000000002,-0.06],"continentalness":[-0.15,1],"erosion":[-0.28,0.23],"temperature":[-0.27,0.27],"humidity":[0.3,1],"depth":[0.66,1.1300000000000001],"offset":0},"biome":"minecraft:crimson_forest"},{"parameters":{"weirdness":[-0.17500000000000002,-0.06],"continentalness":[-0.15,1],"erosion":[-0.28,0.23],"temperature":[0.27,1],"humidity":[-0.24,1],"depth":[0.66,1.1300000000000001],"offset":0},"biome":"minecraft:warped_forest"},{"parameters":{"weirdness":[-0.17500000000000002,1],"continentalness":[-0.15,1],"erosion":[0.23,1],"temperature":[-1,1],"humidity":[-1,1],"depth":[0.66,1.1300000000000001],"offset":0},"biome":"lavaflow:caves"},{"parameters":{"weirdness":[-0.06,1],"continentalness":[-1.2,-0.23500000000000001],"erosion":[-1,1],"temperature":[-1,1],"humidity":[-1,1],"depth":[0.66,1.1300000000000001],"offset":0},"biome":"lavaflow:ocean"},{"parameters":{"weirdness":[-0.06,0.06],"continentalness":[-0.23500000000000001,1],"erosion":[-1,-0.28],"temperature":[-1,1],"humidity":[-1,1],"depth":[0.66,1.1300000000000001],"offset":0},"biome":"lavaflow:soul_sand_valley_river"},{"parameters":{"weirdness":[-0.06,0.06],"continentalness":[-0.23500000000000001,-0.15],"erosion":[-0.28,1],"temperature":[-1,1],"humidity":[-1,1],"depth":[0.66,1.1300000000000001],"offset":0},"biome":"lavaflow:river"},{"parameters":{"weirdness":[-0.06,0.06],"continentalness":[-0.15,1],"erosion":[-0.28,0.23],"temperature":[-1,1],"humidity":[-1,1],"depth":[0.66,1.1300000000000001],"offset":0},"biome":"lavaflow:river"},{"parameters":{"weirdness":[0.06,0.17],"continentalness":[-0.15,1],"erosion":[-0.28,0.23],"temperature":[-1,1],"humidity":[-1,-0.24],"depth":[0.66,1.1300000000000001],"offset":0},"biome":"minecraft:nether_wastes"},{"parameters":{"weirdness":[0.06,0.17],"continentalness":[-0.15,1],"erosion":[-0.28,0.23],"temperature":[-1,-0.27],"humidity":[-0.24,1],"depth":[0.66,1.1300000000000001],"offset":0},"biome":"minecraft:crimson_forest"},{"parameters":{"weirdness":[0.06,0.17],"continentalness":[-0.15,1],"erosion":[-0.28,0.23],"temperature":[-0.27,0.27],"humidity":[-0.24,1],"depth":[0.66,1.1300000000000001],"offset":0},"biome":"minecraft:warped_forest"},{"parameters":{"weirdness":[0.06,0.17],"continentalness":[-0.15,1],"erosion":[-0.28,0.23],"temperature":[0.27,1],"humidity":[-0.24,0.3],"depth":[0.66,1.1300000000000001],"offset":0},"biome":"minecraft:warped_forest"},{"parameters":{"weirdness":[0.06,0.17],"continentalness":[-0.15,1],"erosion":[-0.28,0.23],"temperature":[0.27,1],"humidity":[0.3,1],"depth":[0.66,1.1300000000000001],"offset":0},"biome":"lavaflow:old_growth_warped_forest"}],"type":"minecraft:multi_noise"},"settings":"lavaflow:nether","type":"minecraft:noise"}}