{
  "type": "minecraft:block",
  "pools": [
    {
      "rolls": 1,
      "bonus_rolls": 0,
      "entries": [
        {
          "type": "minecraft:alternatives",
          "children": [
            {
              "type": "minecraft:item",
              "name": "minecraft:amethyst_cluster",
              "conditions": [
                {
                  "condition": "minecraft:match_tool",
                  "predicate": {
                    "predicates": {
                      "minecraft:enchantments": [
                        {
                          "enchantments": "minecraft:silk_touch",
                          "levels": {
                            "min": 1
                          }
                        }
                      ]
                    }
                  }
                }
              ]
            },
            {
              "type": "minecraft:alternatives",
              "children": [
                {
                  "type": "minecraft:loot_table",
                  "conditions": [
                    {
                      "condition": "minecraft:random_chance",
                      "chance": 0.1
                    }
                  ],
                  "value": "tcc:items/amethyst_dust"
                },
                {
                  "type": "minecraft:item",
                  "name": "minecraft:amethyst_shard",
                  "functions": [
                    {
                      "function": "minecraft:set_count",
                      "count": 4,
                      "add": false
                    },
                    {
                      "function": "minecraft:apply_bonus",
                      "enchantment": "minecraft:fortune",
                      "formula": "minecraft:ore_drops"
                    }
                  ],
                  "conditions": [
                    {
                      "condition": "minecraft:match_tool",
                      "predicate": {
                        "items": "#minecraft:cluster_max_harvestables"
                      }
                    }
                  ]
                },
                {
                  "type": "minecraft:item",
                  "name": "minecraft:amethyst_shard",
                  "functions": [
                    {
                      "function": "minecraft:set_count",
                      "count": 2,
                      "add": false
                    },
                    {
                      "function": "minecraft:explosion_decay"
                    }
                  ]
                }
              ]
            }
          ]
        }
      ]
    }
  ],
  "random_sequence": "minecraft:blocks/amethyst_cluster",
  "__smithed__": {
    "rules": [
      {
        "type": "append",
        "target": "pools[0].entries[0].children[1].children",
        "source": {
          "type": "reference",
          "path": "pools[0].entries[0].children[1].children[1]"
        }
      }
    ]
  }
}
