{
  "type": "minecraft:block",
  "pools": [
    {
      "rolls": 1,
      "entries": [
        {
          "type": "minecraft:alternatives",
          "children": [
            {
              "type": "minecraft:item",
              "name": "minecraft:campfire",
              "conditions": [
                {
                  "condition": "minecraft:match_tool",
                  "predicate": {
                    "predicates": {
                      "minecraft:enchantments": [
                        {
                          "enchantments": "minecraft:silk_touch",
                          "levels": {
                            "min": 1
                          }
                        }
                      ]
                    }
                  }
                },
                {
                  "condition": "block_state_property",
                  "block": "campfire",
                  "properties": {
                    "lit": "true"
                  }
                }
              ]
            },
            {
              "type": "minecraft:item",
              "name": "minecraft:campfire",
              "functions": [
                {
                  "function": "minecraft:set_components",
                  "components": {
                    "minecraft:item_model": "tcc:unlit_campfire",
                    "minecraft:block_state": {
                      "lit": "false"
                    }
                  }
                }
              ],
              "conditions": [
                {
                  "condition": "minecraft:match_tool",
                  "predicate": {
                    "items": "#minecraft:axes"
                  }
                }
              ]
            },
            {
              "type": "minecraft:item",
              "name": "minecraft:charcoal",
              "functions": [
                {
                  "function": "minecraft:set_count",
                  "count": 2
                }
              ],
              "conditions": [
                {
                  "condition": "minecraft:survives_explosion"
                }
              ]
            }
          ]
        }
      ]
    }
  ],
  "random_sequence": "minecraft:blocks/campfire",
  "__smithed__": {
    "rules": [
      {
        "type": "insert",
        "index": 1,
        "target": "pools[0].entries[0].children",
        "source": {
          "type": "reference",
          "path": "pools[0].entries[0].children[1]"
        }
      },
      {
        "type": "insert",
        "index": 1,
        "target": "pools[0].entries[0].children[0].conditions",
        "source": {
          "type": "reference",
          "path": "pools[0].entries[0].children[0].conditions[1]"
        }
      }
    ]
  }
}
