{
  "type": "minecraft:block",
  "pools": [
    {
      "rolls": 1,
      "entries": [
        {
          "type": "minecraft:alternatives",
          "children": [
            {
              "type": "minecraft:item",
              "name": "minecraft:respawn_anchor",
              "functions": [
                {
                  "function": "minecraft:copy_state",
                  "block": "minecraft:respawn_anchor",
                  "properties": [
                    "charges"
                  ]
                },
                {
                  "function": "minecraft:set_components",
                  "components": {
                    "minecraft:item_model": "tcc:block/respawn_anchor"
                  }
                },
                {
                  "function": "minecraft:set_lore",
                  "lore": [
                    {
                      "translate": "block.tcc.respawn_anchor.charges",
                      "with": [
                        "1"
                      ],
                      "italic": false,
                      "color": "gray"
                    }
                  ],
                  "mode": "replace_all",
                  "conditions": [
                    {
                      "condition": "minecraft:block_state_property",
                      "properties": {
                        "charges": "1"
                      },
                      "block": "minecraft:respawn_anchor"
                    }
                  ]
                },
                {
                  "function": "minecraft:set_lore",
                  "lore": [
                    {
                      "translate": "block.tcc.respawn_anchor.charges",
                      "with": [
                        "2"
                      ],
                      "italic": false,
                      "color": "gray"
                    }
                  ],
                  "mode": "replace_all",
                  "conditions": [
                    {
                      "condition": "minecraft:block_state_property",
                      "properties": {
                        "charges": "2"
                      },
                      "block": "minecraft:respawn_anchor"
                    }
                  ]
                },
                {
                  "function": "minecraft:set_lore",
                  "lore": [
                    {
                      "translate": "block.tcc.respawn_anchor.charges",
                      "with": [
                        "3"
                      ],
                      "italic": false,
                      "color": "gray"
                    }
                  ],
                  "mode": "replace_all",
                  "conditions": [
                    {
                      "condition": "minecraft:block_state_property",
                      "properties": {
                        "charges": "3"
                      },
                      "block": "minecraft:respawn_anchor"
                    }
                  ]
                },
                {
                  "function": "minecraft:set_lore",
                  "lore": [
                    {
                      "translate": "block.tcc.respawn_anchor.charges",
                      "with": [
                        "4"
                      ],
                      "italic": false,
                      "color": "gray"
                    }
                  ],
                  "mode": "replace_all",
                  "conditions": [
                    {
                      "condition": "minecraft:block_state_property",
                      "properties": {
                        "charges": "4"
                      },
                      "block": "minecraft:respawn_anchor"
                    }
                  ]
                }
              ],
              "conditions": [
                {
                  "condition": "minecraft:inverted",
                  "term": {
                    "condition": "minecraft:block_state_property",
                    "block": "minecraft:respawn_anchor",
                    "properties": {
                      "charges": "0"
                    }
                  }
                },
                {
                  "condition": "minecraft:match_tool",
                  "predicate": {
                    "predicates": {
                      "minecraft:enchantments": [
                        {
                          "enchantments": "minecraft:silk_touch",
                          "levels": {
                            "min": 1
                          }
                        }
                      ]
                    }
                  }
                }
              ]
            },
            {
              "type": "minecraft:item",
              "name": "minecraft:respawn_anchor"
            }
          ]
        }
      ]
    }
  ],
  "random_sequence": "minecraft:blocks/respawn_anchor",
  "__smithed__": {
    "rules": [
      {
        "type": "smithed:prepend",
        "target": "pools[0].entries",
        "source": {
          "type": "reference",
          "path": "pools[0].entries[0]"
        }
      }
    ]
  }
}
