{
  "type": "minecraft:block",
  "pools": [
    {
      "bonus_rolls": 0.0,
      "conditions": [
        {
          "condition": "minecraft:survives_explosion"
        }
      ],
      "entries": [
        {
          "type": "minecraft:item",
          "functions": [
            {
              "function": "minecraft:copy_components",
              "include": [
                "minecraft:custom_name",
                "minecraft:item_name",
                "minecraft:tooltip_display",
                "minecraft:banner_patterns",
                "minecraft:rarity",
                "minecraft:custom_data",
                "minecraft:lore"
              ],
              "source": "block_entity"
            }
          ],
          "name": "minecraft:white_banner"
        }
      ],
      "rolls": 1.0
    }
  ],
  "random_sequence": "minecraft:blocks/white_banner",
  "__smithed__": {
    "rules": [
      {
        "type": "append",
        "target": "pools[0].entries[0].functions[0].include",
        "source": {
          "type": "reference",
          "path": "pools[0].entries[0].functions[0].include[4]"
        }
      },
      {
        "type": "append",
        "target": "pools[0].entries[0].functions[0].include",
        "source": {
          "type": "reference",
          "path": "pools[0].entries[0].functions[0].include[5]"
        }
      }
    ]
  }
}