{
  "type": "minecraft:gift",
  "pools": [
    {
      "bonus_rolls": 0,
      "entries": [
        {
          "type": "minecraft:item",
          "name": "minecraft:torchflower_seeds",
          "functions": [
            {
              "function": "minecraft:set_count",
              "count": {
                "min": 1,
                "max": 3
              }
            }
          ]
        },
        {
          "type": "minecraft:item",
          "name": "minecraft:pitcher_pod",
          "functions": [
            {
              "function": "minecraft:set_count",
              "count": {
                "min": 1,
                "max": 3
              }
            }
          ]
        },
        {
          "type": "minecraft:loot_table",
          "conditions": [
            {
              "condition": "minecraft:location_check",
              "predicate": {
                "structures": [
                  "tcc:tundra_keep"
                ]
              }
            }
          ],
          "value": "tcc:items/frostbloom"
        }
      ],
      "rolls": 1
    }
  ],
  "random_sequence": "minecraft:gameplay/sniffer_digging",
  "__smithed__": {
    "rules": [
      {
        "type": "append",
        "target": "pools[0].entries[0].functions",
        "source": {
          "type": "reference",
          "path": "pools[0].entries[0].functions[0]"
        }
      },
      {
        "type": "append",
        "target": "pools[0].entries[1].functions",
        "source": {
          "type": "reference",
          "path": "pools[0].entries[1].functions[0]"
        }
      },
      {
        "type": "append",
        "target": "pools[0].entries",
        "source": {
          "type": "reference",
          "path": "pools[0].entries[2]"
        }
      }
    ]
  }
}
