{"features":[[],[],"#lavaflow:local_modifications/base",[],[],[],[],"#lavaflow:underground_decoration/base",[],"#lavaflow:vegetal_decoration/crimson_forest"],"carvers":"#lavaflow:caves","downfall":0.0,"effects":{"additions_sound":{"sound":"minecraft:ambient.crimson_forest.additions","tick_chance":0.0111},"ambient_sound":"minecraft:ambient.crimson_forest.loop","fog_color":3343107,"mood_sound":{"block_search_extent":8,"offset":2.0,"sound":"minecraft:ambient.crimson_forest.mood","tick_delay":6000},"music":[{"weight":1,"data":{"max_delay":24000,"min_delay":12000,"replace_current_music":false,"sound":"minecraft:music.nether.crimson_forest"}}],"particle":{"options":{"type":"minecraft:crimson_spore"},"probability":0.025},"sky_color":7254527,"water_color":4159204,"water_fog_color":329011},"has_precipitation":false,"spawn_costs":{},"spawners":{"ambient":[],"axolotls":[],"creature":[],"misc":[],"monster":[{"type":"minecraft:zombified_piglin","maxCount":4,"minCount":2,"weight":1},{"type":"minecraft:hoglin","maxCount":4,"minCount":3,"weight":9},{"type":"minecraft:piglin","maxCount":4,"minCount":3,"weight":5}],"underground_water_creature":[],"water_ambient":[],"water_creature":[]},"temperature":2.0}