{"features":[[],[],"#lavaflow:local_modifications/base",[],"#lavaflow:surface_structures/nether_wastes",[],[],"#lavaflow:underground_decoration/base",[],"#lavaflow:vegetal_decoration/nether_wastes"],"carvers":"#lavaflow:caves","downfall":0.0,"effects":{"additions_sound":{"sound":"minecraft:ambient.nether_wastes.additions","tick_chance":0.0111},"ambient_sound":"minecraft:ambient.nether_wastes.loop","fog_color":3873793,"mood_sound":{"block_search_extent":8,"offset":2.0,"sound":"minecraft:ambient.nether_wastes.mood","tick_delay":6000},"music":[{"weight":1,"data":{"max_delay":24000,"min_delay":12000,"replace_current_music":false,"sound":"minecraft:music.nether.nether_wastes"}}],"sky_color":7254527,"water_color":4159204,"water_fog_color":329011},"has_precipitation":false,"spawn_costs":{},"spawners":{"ambient":[],"axolotls":[],"creature":[],"misc":[],"monster":[{"type":"minecraft:ghast","maxCount":4,"minCount":4,"weight":50},{"type":"minecraft:zombified_piglin","maxCount":4,"minCount":4,"weight":100},{"type":"minecraft:magma_cube","maxCount":4,"minCount":4,"weight":2},{"type":"minecraft:enderman","maxCount":4,"minCount":4,"weight":1},{"type":"minecraft:piglin","maxCount":4,"minCount":4,"weight":15}],"underground_water_creature":[],"water_ambient":[],"water_creature":[]},"temperature":2.0}