{"features":[[],[],"#lavaflow:local_modifications/base_cold",[],[],[],[],"#lavaflow:underground_decoration/base",[],"#lavaflow:vegetal_decoration/soul_sand_valley"],"carvers":"#lavaflow:caves","downfall":0.0,"effects":{"additions_sound":{"sound":"minecraft:ambient.soul_sand_valley.additions","tick_chance":0.0111},"ambient_sound":"minecraft:ambient.soul_sand_valley.loop","fog_color":1787717,"mood_sound":{"block_search_extent":8,"offset":2.0,"sound":"minecraft:ambient.soul_sand_valley.mood","tick_delay":6000},"music":[{"weight":1,"data":{"max_delay":24000,"min_delay":12000,"replace_current_music":false,"sound":"minecraft:music.nether.soul_sand_valley"}}],"particle":{"options":{"type":"minecraft:ash"},"probability":0.00625},"sky_color":7254527,"water_color":4159204,"water_fog_color":329011},"has_precipitation":false,"spawn_costs":{"minecraft:enderman":{"charge":0.7,"energy_budget":0.15},"minecraft:ghast":{"charge":0.7,"energy_budget":0.15},"minecraft:skeleton":{"charge":0.7,"energy_budget":0.15}},"spawners":{"ambient":[],"axolotls":[],"creature":[],"misc":[],"monster":[{"type":"minecraft:skeleton","maxCount":5,"minCount":5,"weight":20},{"type":"minecraft:ghast","maxCount":4,"minCount":4,"weight":50},{"type":"minecraft:enderman","maxCount":4,"minCount":4,"weight":1}],"underground_water_creature":[],"water_ambient":[],"water_creature":[]},"temperature":2.0}