{
  "elements": [
    {
      "element": {
        "element_type": "minecraft:single_pool_element",
        "location": "minecraft:trial_chambers/hallway/corridor_connector_1",
        "processors": {
          "processors": []
        },
        "projection": "rigid"
      },
      "weight": 1
    },
    {
      "element": {
        "element_type": "minecraft:single_pool_element",
        "location": "minecraft:trial_chambers/hallway/upper_hallway_connector",
        "processors": "minecraft:trial_chambers_copper_bulb_degradation",
        "projection": "rigid"
      },
      "weight": 1
    },
    {
      "element": {
        "element_type": "minecraft:single_pool_element",
        "location": "minecraft:trial_chambers/hallway/lower_hallway_connector",
        "processors": "minecraft:trial_chambers_copper_bulb_degradation",
        "projection": "rigid"
      },
      "weight": 1
    },
    {
      "element": {
        "element_type": "minecraft:single_pool_element",
        "location": "minecraft:trial_chambers/chamber/chamber_1",
        "processors": "minecraft:trial_chambers_copper_bulb_degradation",
        "projection": "rigid"
      },
      "weight": 150
    },
    {
      "element": {
        "element_type": "minecraft:single_pool_element",
        "location": "minecraft:trial_chambers/chamber/chamber_2",
        "processors": "minecraft:trial_chambers_copper_bulb_degradation",
        "projection": "rigid"
      },
      "weight": 150
    },
    {
      "element": {
        "element_type": "minecraft:single_pool_element",
        "location": "minecraft:trial_chambers/chamber/chamber_4",
        "processors": "minecraft:trial_chambers_copper_bulb_degradation",
        "projection": "rigid"
      },
      "weight": 150
    },
    {
      "element": {
        "element_type": "minecraft:single_pool_element",
        "location": "minecraft:trial_chambers/chamber/chamber_8",
        "processors": "minecraft:trial_chambers_copper_bulb_degradation",
        "projection": "rigid"
      },
      "weight": 150
    },
    {
      "element": {
        "element_type": "minecraft:single_pool_element",
        "location": "minecraft:trial_chambers/chamber/assembly",
        "processors": "minecraft:trial_chambers_copper_bulb_degradation",
        "projection": "rigid"
      },
      "weight": 150
    },
    {
      "element": {
        "element_type": "minecraft:single_pool_element",
        "location": "minecraft:trial_chambers/chamber/eruption",
        "processors": "minecraft:trial_chambers_copper_bulb_degradation",
        "projection": "rigid"
      },
      "weight": 150
    },
    {
      "element": {
        "element_type": "minecraft:single_pool_element",
        "location": "minecraft:trial_chambers/chamber/slanted",
        "processors": "minecraft:trial_chambers_copper_bulb_degradation",
        "projection": "rigid"
      },
      "weight": 150
    },
    {
      "element": {
        "element_type": "minecraft:single_pool_element",
        "location": "minecraft:trial_chambers/chamber/pedestal",
        "processors": "minecraft:trial_chambers_copper_bulb_degradation",
        "projection": "rigid"
      },
      "weight": 150
    },
    {
      "element": {
        "element_type": "minecraft:single_pool_element",
        "location": "tcc:trial_chambers_archaeology/rubble",
        "processors": "tcc:trial_chambers_archaeology",
        "projection": "rigid"
      },
      "weight": 15
    },
    {
      "element": {
        "element_type": "minecraft:single_pool_element",
        "location": "minecraft:trial_chambers/hallway/rubble_chamber_thin",
        "processors": "minecraft:trial_chambers_copper_bulb_degradation",
        "projection": "rigid"
      },
      "weight": 1
    },
    {
      "element": {
        "element_type": "minecraft:single_pool_element",
        "location": "minecraft:trial_chambers/hallway/cache_1",
        "processors": "minecraft:trial_chambers_copper_bulb_degradation",
        "projection": "rigid"
      },
      "weight": 1
    },
    {
      "element": {
        "element_type": "minecraft:single_pool_element",
        "location": "minecraft:trial_chambers/hallway/left_corner",
        "processors": "minecraft:trial_chambers_copper_bulb_degradation",
        "projection": "rigid"
      },
      "weight": 1
    },
    {
      "element": {
        "element_type": "minecraft:single_pool_element",
        "location": "minecraft:trial_chambers/hallway/right_corner",
        "processors": "minecraft:trial_chambers_copper_bulb_degradation",
        "projection": "rigid"
      },
      "weight": 1
    },
    {
      "element": {
        "element_type": "minecraft:single_pool_element",
        "location": "minecraft:trial_chambers/hallway/corner_staircase",
        "processors": "minecraft:trial_chambers_copper_bulb_degradation",
        "projection": "rigid"
      },
      "weight": 1
    },
    {
      "element": {
        "element_type": "minecraft:single_pool_element",
        "location": "minecraft:trial_chambers/hallway/corner_staircase_down",
        "processors": "minecraft:trial_chambers_copper_bulb_degradation",
        "projection": "rigid"
      },
      "weight": 1
    },
    {
      "element": {
        "element_type": "minecraft:single_pool_element",
        "location": "minecraft:trial_chambers/hallway/long_straight_staircase",
        "processors": "minecraft:trial_chambers_copper_bulb_degradation",
        "projection": "rigid"
      },
      "weight": 1
    },
    {
      "element": {
        "element_type": "minecraft:single_pool_element",
        "location": "minecraft:trial_chambers/hallway/long_straight_staircase_down",
        "processors": "minecraft:trial_chambers_copper_bulb_degradation",
        "projection": "rigid"
      },
      "weight": 1
    },
    {
      "element": {
        "element_type": "minecraft:single_pool_element",
        "location": "minecraft:trial_chambers/hallway/straight",
        "processors": "minecraft:trial_chambers_copper_bulb_degradation",
        "projection": "rigid"
      },
      "weight": 1
    },
    {
      "element": {
        "element_type": "minecraft:single_pool_element",
        "location": "minecraft:trial_chambers/hallway/straight_staircase",
        "processors": "minecraft:trial_chambers_copper_bulb_degradation",
        "projection": "rigid"
      },
      "weight": 1
    },
    {
      "element": {
        "element_type": "minecraft:single_pool_element",
        "location": "minecraft:trial_chambers/hallway/straight_staircase_down",
        "processors": "minecraft:trial_chambers_copper_bulb_degradation",
        "projection": "rigid"
      },
      "weight": 1
    }
  ],
  "fallback": "minecraft:trial_chambers/hallway/fallback"
}